[
	{
		"outputFileName": "wwwroot/js/site.min.js",
		"inputFiles": [
			"wwwroot/js/site.js"
		]
	},
	{
		"outputFileName": "wwwroot/js/bundle.js",
		"inputFiles": [
			"wwwroot/js/useBootstrapDatePicker.js",
			"wwwroot/js/useInputMask.js"
		]
	},
	{
		"outputFileName": "wwwroot/scripts/hydra.interactions.min.js",
		"inputFiles": [
			"wwwroot/scripts/Hydra.Interactions.Init.js",
			"wwwroot/scripts/Hydra.Interactions.SsnAndDateOfBirthInteraction.js",
			"wwwroot/scripts/Hydra.Interactions.Validation.js",
			"wwwroot/scripts/Hydra.Interactions.MotorRegistryUserDetailsFromSsnInteraction.js",
			"wwwroot/scripts/Hydra.Interactions.NinDetails.js"
		],
		"minify": {
			"enabled": true,
			"renameLocals": true
		}
	}
]