{
  "version": "1.0",
  "defaultProvider": "cdnjs",
  "libraries": [
    {
      "provider": "cdnjs",
      "library": "jquery@3.3.1",
      "destination": "wwwroot/lib/jquery/"
    },
    {
      "provider": "cdnjs",
      "library": "jquery-validation-unobtrusive@3.2.11",
      "destination": "wwwroot/lib/jquery-validation-unobtrusive/"
    },
    {
      "library": "eonasdan-bootstrap-datetimepicker@4.17.47",
      "destination": "wwwroot/lib/eonasdan-bootstrap-datetimepicker/"
    },
    {
      "library": "moment.js@2.22.2",
      "destination": "wwwroot/lib/moment.js/"
    },
    {
      "provider": "cdnjs",
      "library": "jquery.inputmask@3.3.4",
      "destination": "wwwroot/lib/jquery.inputmask/"
    }
  ]
}